group,n,bg_initiated_rate,bg_completed_rate,card_activated_rate,orientation_rate,conversion_rate
control,14501,0.7472588097372594,0.6520929591062685,0.7472588097372594,0.4125232742569478,0.1981242672919109
treatment,7197,1.0,0.8870362651104627,0.8182576073363902,0.4681117132138391,0.3433375017368348
